{
    "loss": 13.709486961364746,
    "accuracy": 0.690077006816864
}