{
    "loss": 1.735824704170227,
    "accuracy": 0.7272315621376038
}