{
    "loss": 3.630434989929199,
    "accuracy": 0.5283190011978149
}