{
    "loss": 19.491117477416992,
    "accuracy": 0.690077006816864
}